{
  "!type": "Input_bs4",
  "align": "",
  "attributes": "",
  "autocapitalize": "",
  "autocomplete": "",
  "autocorrect": "",
  "backgroundColor": "",
  "badge": "",
  "badgeAppearance": " badge-info",
  "bottom": "auto",
  "cached_js": "",
  "cached_js_script_hash": "d41d8cd98f00b204e9800998ecf8427e",
  "children": [],
  "class": "",
  "color": "",
  "datalist": "",
  "disabled": "",
  "display": "",
  "expanded_pmp": null,
  "fontFamily": "",
  "fontSize": "",
  "fontStyle": "",
  "fontWeight": "",
  "footer": "",
  "header": "",
  "headerCols": 2,
  "height": 35,
  "hidden": "",
  "icon": "",
  "iconTitle": "",
  "id": "inptNetID",
  "inputType": "text",
  "inputmode": "",
  "left": 28,
  "leftText": "Net ID",
  "mAll": "",
  "mBottom": "",
  "mLeft": "",
  "mRight": "",
  "mTop": "",
  "max": "",
  "maxlength": "",
  "min": "",
  "name": "",
  "onchange": "",
  "onclick": "",
  "oncopy": "",
  "oncut": "",
  "onfocus": "",
  "onfocusout": "",
  "onkeypress": "",
  "onkeyup": "",
  "onmousedown": "",
  "onmousemove": "",
  "onmouseout": "",
  "onmouseup": "",
  "onpaste": "",
  "onresize": "",
  "ontouchend": "",
  "ontouchmove": "",
  "ontouchstart": "",
  "pAll": "",
  "pBottom": "",
  "pLeft": "",
  "pRight": "",
  "pTop": "",
  "placeholder": "",
  "popBody": "Body",
  "popClose": "hover",
  "popPosition": "",
  "popStyle": "popover",
  "popTitle": "Title",
  "readonly": "",
  "required": "",
  "right": "auto",
  "script": "",
  "size": "",
  "size-lg": 4,
  "spellcheck": "true",
  "step": "",
  "style": "",
  "top": 352,
  "validation": "",
  "value": "",
  "valueCols": 10,
  "width": 277
}